{
  "bot-name": "Lucid-MD",
  "description": "ᴊᴀᴠᴀsᴄʀɪᴘᴛ ᴡʜᴀᴛsᴀᴘᴘ ʙᴏᴛ ᴄʀᴇᴀᴛᴇᴅ ʙʏ PEACEMAKER",
  "logo": "https://files.catbox.moe/yusei5.jpg",
  "keywords": ["bot"],
  "documentation-link": "https://new-session-lfgw.onrender.com/",
    "owner-verification":"muuoemmanuel649@gmail.com",
  
  "env": {
    "SESSION_ID": {
      "description": "Must Start with 'PEACE~'",
      "required": true,
      "value": ""
    },
      "BOT_NAME": {
        "description": "write here your bot name.",
        "required": true,
        "value": "Lucid-MD"      
    },  
    "MODE": {
      "description": "Set private/public/inbox/groups",
      "required": false,
      "value": "public"
     },
   
    "PREFIX": {
      "description": "Your Bot Prefix (default: .) You can put your own custom prefix",
      "required": true,
      "value": "."
    },
    
    "OWNER_NAME": {
      "description": "Put Owner Name Here",
      "required": true,
      "value": "PEACEMAKER"
    },
    "OWNER_NUMBER": {
      "description": "Put only one Owner Number Here",
      "required": true,
      "value": "254752818245"
    },
    
    "PRESENCE": {
      "description": "Put online/typing/recording/unavailable",
      "required": true,
      "value": "online"

    }
  }
}
